<?xml version="1.0" encoding="utf-8" standalone="yes"?>
<rss version="2.0" xmlns:atom="http://www.w3.org/2005/Atom">
  <channel>
    <title>Prüfungsvorbereitung on </title>
    <link>https://www.fh-bielefeld.de/elearning/data/FH-Bielefeld/lm_data/lm_1166002/org/exam/</link>
    <description>Recent content in Prüfungsvorbereitung on </description>
    <generator>Hugo -- gohugo.io</generator>
    <language>de-DE</language><atom:link href="https://www.fh-bielefeld.de/elearning/data/FH-Bielefeld/lm_data/lm_1166002/org/exam/index.xml" rel="self" type="application/rss+xml" />
    <item>
      <title>Prüfungsvorbereitung (FHB)</title>
      <link>https://www.fh-bielefeld.de/elearning/data/FH-Bielefeld/lm_data/lm_1166002/org/exam/exam-fhb/</link>
      <pubDate>Mon, 01 Jan 0001 00:00:00 +0000</pubDate>
      <guid>https://www.fh-bielefeld.de/elearning/data/FH-Bielefeld/lm_data/lm_1166002/org/exam/exam-fhb/</guid>
      <description>Elektronische Klausur: Termin, Materialien Termin Die Prüfung erfolgt durch eine Klausur, die als digitale Prüfung auf einem Prüfungs-ILIAS durchgeführt wird.
Es wird angestrebt, die Klausur in Präsenz in den Rechnerpools am Campus Minden durchzuführen. Falls dies wegen der Corona-Situation oder anderer Umstände nicht möglich sein sollte, wird die Klausur als &amp;quot;Open-Book-Ausarbeitung&amp;quot; im Home-Office durchgeführt.
Termin 1: Mo, 31.01.2022, 13:00 -- 14:30 Uhr
 Dauer 90 Minuten. Es wird in beiden Prüfungszeiträumen ein Termin angeboten (konkreter Termin im zweiten Prüfungszeitraum wird noch vom Prüfungsamt bekannt gegeben).</description>
    </item>
  </channel>
</rss>